{
  "label": "Baseline (BF16)",
  "n_iterations": 50,
  "mean_latency_ms": 4799.217304531485,
  "std_latency_ms": 117.3359188588627,
  "p50_latency_ms": 4773.829916957766,
  "p95_latency_ms": 5044.305012002587,
  "p99_latency_ms": 5073.7080028653145,
  "throughput_hz": 0.20836731003111417,
  "total_gb": 6.993530824780464,
  "visual_gb": 1.2455215454101562,
  "language_model_gb": 5.748008728027344,
  "lm_head_gb": 0.57958984375,
  "param_count_b": 3.754622976,
  "use_autocast": true
}