{
  "baseline": {
    "label": "baseline_bf16",
    "hz": 0.21331335208573604,
    "mean_ms": 4687.939082210262,
    "std_ms": 114.40935117520652,
    "p95_ms": 4849.595772195607,
    "size_mb": 7161.375564575195,
    "size_gb": 6.993530824780464
  },
  "baseline_compiled": {
    "label": "baseline_compiled",
    "hz": 0.48071405992389865,
    "mean_ms": 2080.2387185394764,
    "std_ms": 56.48574591020492,
    "p95_ms": 2163.4908898733556,
    "size_mb": 7161.375564575195,
    "size_gb": 6.993530824780464
  },
  "fp8_wo": {
    "label": "fp8_weight_only",
    "hz": 0.13555152982393906,
    "mean_ms": 7377.268270589411,
    "std_ms": 67.83991457573863,
    "p95_ms": 7489.702511765063,
    "size_mb": 4176.345106124878,
    "size_gb": 4.078462017700076
  },
  "fp8_wo_compiled": {
    "label": "fp8_wo_compiled",
    "hz": 0.35174701343853826,
    "mean_ms": 2842.952354376515,
    "std_ms": 45.50643587672129,
    "p95_ms": 2916.765026934445,
    "size_mb": 4176.345106124878,
    "size_gb": 4.078462017700076
  },
  "fp8_mixed_compiled": {
    "label": "fp8_mixed_compiled",
    "hz": 0.3682629181189109,
    "mean_ms": 2715.4512463758388,
    "std_ms": 26.26013701877491,
    "p95_ms": 2763.0483826622367,
    "size_mb": 4515.376045227051,
    "size_gb": 4.409546919167042
  }
}