{
  "8step": {
    "hz": 0.9314708902334304,
    "ms": 1073.570854961872
  },
  "onestep": {
    "hz": 4.797158956929168,
    "ms": 208.45671552233398
  },
  "cached": {
    "hz": 4.751986188020273,
    "ms": 210.43832208961248
  }
}