{
  "baseline": {
    "ms": 4687.669961247593,
    "hz": 0.21332559848856264,
    "std_ms": 157.0905050444753,
    "n_tokens": 56,
    "action_shape": "(1, 8, 7)",
    "text_preview": "494 500 439 421 491 465 0 491 500 431 421 489 459 0 489 500 420 421 486 452 0 483 500 417 421 481 44"
  },
  "one_step": {
    "ms": 1013.076685089618,
    "hz": 0.9870921073576367,
    "std_ms": 19.08692599941918,
    "n_tokens": 10,
    "action_shape": "(1, 1, 7)",
    "text_preview": "494 500 439 421 491 463 0 491 500 4"
  },
  "compile_full": {
    "ms": 4689.110308606178,
    "hz": 0.21326007156723228,
    "std_ms": 173.82035588068877,
    "n_tokens": 56,
    "action_shape": "(1, 8, 7)",
    "text_preview": "494 500 439 421 491 463 0 491 500 431 421 489 459 0 489 500 420 421 486 452 0 483 500 417 421 481 44"
  },
  "compile_one_step": {
    "ms": 913.79867317155,
    "hz": 1.0943329524973682,
    "std_ms": 14.885882644845067,
    "n_tokens": 10,
    "action_shape": "(1, 1, 7)",
    "text_preview": "494 500 439 421 491 463 0 491 500 4"
  },
  "compile_ro_one_step": {
    "ms": 930.1373748108745,
    "hz": 1.0751100074903783,
    "std_ms": 14.246892799936859,
    "n_tokens": 10,
    "action_shape": "(1, 1, 7)",
    "text_preview": "494 500 439 421 491 465 0 491 500 4"
  },
  "compile_mat_one_step": {
    "ms": 917.0218071900308,
    "hz": 1.090486608016699,
    "std_ms": 16.32846186921009,
    "n_tokens": 10,
    "action_shape": "(1, 1, 7)",
    "text_preview": "494 500 439 421 491 463 0 491 500 4"
  },
  "fp16_one_step": {
    "ms": 925.1730780117214,
    "hz": 1.0808788363676647,
    "std_ms": 13.42426437366161,
    "n_tokens": 10,
    "action_shape": "(1, 1, 7)",
    "text_preview": "494 500 437 421 491 457 0 491 500 4"
  }
}